id,wahlkreisname,gesamt,CDU,SPD,AfD,FDP,DIE LINKE,BÜNDNIS 90/DIE GRÜNEN,FREIE WÄHLER,PARTEI,Tierschutzpartei,Die Heimat,Piratenpartei Deutschland,ÖDP,V-Partei³,DiB,BP,Tierschutzallianz,MLPD,Verjüngungsforschung,Menschliche Welt,DKP,Die Grauen,Büso,Humanisten,Gartenpartei,du.,SGP,dieBasis,Bündnis C,Bürgerbewegung,III. Weg,Bündnis21,LIEBE,LKR,PdF,LfK,SSW,Todenhöfer,Unabhängige,Volt
1,Flensburg – Schleswig,178625,36421,45508,10317,19189,7475,33300,1715,1844,1990,138,0,132,194,0,0,0,12,0,0,40,0,0,157,0,118,0,2866,0,0,0,0,0,73,0,0,16415,318,0,403
2,Nordfriesland – Dithmarschen Nord,144145,35511,37926,8798,18350,4437,22588,1081,1322,1604,146,0,121,125,0,0,0,26,0,0,33,0,0,130,0,59,0,1836,0,0,0,0,0,60,0,0,9516,239,0,237
3,Steinburg – Dithmarschen Süd,135109,32842,37468,11303,18492,4524,19237,1713,1346,1719,190,0,105,250,0,0,0,25,0,0,29,0,0,118,0,77,0,1712,0,0,0,0,0,84,0,0,3366,283,0,226
4,Rendsburg-Eckernförde,160955,38517,43148,10564,19322,5163,28828,1174,1618,1728,158,0,122,127,0,0,0,33,0,0,23,0,0,136,0,69,0,2375,0,0,0,0,0,49,0,0,7304,244,0,253
5,Kiel,155068,23920,40338,7654,16110,9430,44089,954,2185,1676,122,0,116,171,0,0,0,39,0,0,88,0,0,299,0,114,0,1924,0,0,0,0,0,50,0,0,4486,747,0,556
6,Plön – Neumünster,132527,30290,38670,9741,15901,4232,23051,1275,1300,1446,242,0,94,98,0,0,0,23,0,0,34,0,0,111,0,70,0,2007,0,0,0,0,0,94,0,0,3203,415,0,230
7,Pinneberg,190270,42057,55693,13080,25663,6363,34291,1731,1805,2320,188,0,202,208,0,0,0,21,0,0,59,0,0,182,0,127,0,2389,0,0,0,0,0,108,0,0,2527,799,0,457
8,Segeberg – Stormarn-Mitte,198265,44285,56658,14527,27675,6468,33361,2297,2226,2663,225,0,194,202,0,0,0,30,0,0,54,0,0,186,0,119,0,2839,0,0,0,0,0,53,0,0,3108,586,0,509
9,Ostholstein – Stormarn-Nord,141966,35564,42520,10073,17986,4036,22314,1603,1104,1729,198,0,102,111,0,0,0,13,0,0,28,0,0,88,0,65,0,1691,0,0,0,0,0,29,0,0,2241,182,0,289
10,Herzogtum Lauenburg – Stormarn-Süd,195587,45364,56422,14682,27725,6325,32475,2204,1791,2283,261,0,217,155,0,0,0,29,0,0,82,0,0,160,0,105,0,2237,0,0,0,0,0,48,0,0,1746,829,0,447
11,Lübeck,130237,23628,39704,8827,13626,5785,29229,1296,1329,1495,166,0,134,122,0,0,0,71,0,0,46,0,0,196,0,106,0,1531,0,0,0,0,0,67,0,0,1666,663,0,550
12,Schwerin – Ludwigslust-Parchim I – Nordwestmecklenburg I,154163,26383,49271,24185,13242,16604,12419,2476,1252,2645,1112,1023,151,0,0,0,0,117,0,0,121,0,0,175,0,0,0,2207,0,0,0,0,0,0,0,0,0,399,0,381
13,Ludwigslust-Parchim II – Nordwestmecklenburg II – Landkreis Rostock I,144104,24621,46846,24673,11638,14979,10147,2384,1019,2562,889,624,195,0,0,0,0,65,0,0,109,0,0,157,0,0,0,2610,0,0,0,0,0,0,0,0,0,332,0,254
14,Rostock – Landkreis Rostock II,162977,23103,47280,20658,14852,21491,20941,1871,2036,3935,696,854,274,0,0,0,0,152,0,0,147,0,0,290,0,0,0,3488,0,0,0,0,0,0,0,0,0,408,0,501
15,Vorpommern-Rügen – Vorpommern-Greifswald I,165779,30910,41583,31303,13776,18857,14654,1975,1576,5169,758,797,201,0,0,0,0,123,0,0,152,0,0,295,0,0,0,2904,0,0,0,0,0,0,0,0,0,392,0,354
16,Mecklenburgische Seenplatte I – Vorpommern-Greifswald II,151038,28684,40339,35102,11438,15370,6616,2183,1033,3803,2006,518,123,0,0,0,0,89,0,0,140,0,0,220,0,0,0,2822,0,0,0,0,0,0,0,0,0,348,0,204
17,Mecklenburgische Seenplatte II – Landkreis Rostock III,140798,26402,42049,29421,10609,14434,7179,2455,984,2468,939,443,245,0,0,0,0,163,0,0,85,0,0,140,0,0,0,2305,0,0,0,0,0,0,0,0,0,267,0,210
18,Hamburg-Mitte,178555,19982,51170,9100,18723,15593,49791,974,2494,2486,130,905,370,303,0,0,0,70,0,0,112,0,0,275,0,398,0,2396,0,0,0,77,0,50,0,0,0,2019,0,1137
19,Hamburg-Altona,152095,22478,38865,5036,16543,13667,46162,524,1593,1405,56,571,246,160,0,0,0,84,0,0,92,0,0,129,0,228,0,2237,0,0,0,55,0,24,0,0,0,1054,0,886
20,Hamburg-Eimsbüttel,160365,23843,44911,5662,18190,10847,47983,761,1358,1682,53,500,235,139,0,0,0,47,0,0,100,0,0,149,0,188,0,1895,0,0,0,42,0,24,0,0,0,850,0,906
21,Hamburg-Nord,184691,34387,51575,6811,26247,8741,46531,939,1443,1893,79,606,292,220,0,0,0,48,0,0,72,0,0,182,0,150,0,2535,0,0,0,53,0,64,0,0,0,875,0,948
22,Hamburg-Wandsbek,172821,29103,59298,11290,19225,8852,32134,1084,1615,2561,169,1048,427,202,0,0,0,49,0,0,69,0,0,235,0,169,0,2481,0,0,0,83,0,44,0,0,0,1871,0,812
23,Hamburg-Bergedorf – Harburg,157017,25427,52523,12638,15674,9878,27931,1319,1644,2298,161,747,446,195,0,0,0,50,0,0,87,0,0,233,0,208,0,2417,0,0,0,76,0,42,0,0,0,2283,0,740
24,Aurich – Emden,136194,24066,59038,11173,12113,4671,17668,1769,1130,2220,147,430,82,65,0,0,0,18,0,0,34,0,0,86,0,86,0,1027,0,0,0,0,0,24,0,0,0,149,0,198
25,Unterems,174276,52067,59229,14248,17671,4650,18576,856,1649,2044,161,534,58,97,0,0,0,18,0,0,28,0,0,103,0,92,0,1619,0,0,0,0,0,31,0,0,0,211,0,334
26,Friesland – Wilhelmshaven – Wittmund,132930,28535,50448,10951,13874,4122,17020,1512,1539,2201,125,419,62,92,0,0,0,50,0,0,21,0,0,115,0,91,0,1155,0,0,0,0,0,34,0,0,0,298,0,266
27,Oldenburg – Ammerland,172550,32100,55231,8903,17674,8344,40919,1041,1481,2009,107,795,247,137,0,0,0,29,0,0,51,0,0,176,0,85,0,1729,0,0,0,0,0,58,0,0,0,428,0,1006
28,Delmenhorst – Wesermarsch – Oldenburg-Land,162158,36649,55621,12987,18571,5046,23973,1555,1545,2310,150,598,87,108,0,0,0,23,0,0,26,0,0,134,0,83,0,1698,0,0,0,0,0,57,0,0,0,590,0,347
29,Cuxhaven – Stade II,139716,36586,48858,11000,14052,3672,17553,1535,1145,2405,180,433,87,100,0,0,0,16,0,0,20,0,0,90,0,79,0,1418,0,0,0,0,0,31,0,0,0,231,0,225
30,Stade I – Rotenburg II,150886,39969,48301,11002,16720,4301,22091,1620,1388,1881,175,691,118,107,0,0,0,17,0,0,28,0,0,119,0,80,0,1485,0,0,0,0,0,42,0,0,0,373,0,378
31,Mittelems,179439,60733,55461,9235,21101,3969,22515,723,1521,1592,107,423,97,74,0,0,0,17,0,0,22,0,0,132,0,90,0,1070,0,0,0,0,0,23,0,0,0,291,0,243
32,Cloppenburg – Vechta,163352,62837,40212,12772,19747,3549,18093,792,1093,1579,104,474,80,67,0,0,0,12,0,0,17,0,0,104,0,92,0,1088,0,0,0,0,0,49,0,0,0,268,0,323
33,Diepholz – Nienburg I,145972,36915,48196,10372,17628,3920,21139,1322,1294,1774,123,465,113,98,0,0,0,21,0,0,12,0,0,118,0,78,0,1722,0,0,0,0,0,39,0,0,0,395,0,228
34,Osterholz – Verden,150219,36183,49430,11329,15653,5253,24183,1494,1134,1986,125,443,105,112,0,0,0,34,0,0,27,0,0,131,0,103,0,1661,0,0,0,0,0,50,0,0,0,440,0,343
35,Rotenburg I – Heidekreis,124204,31119,43196,9945,12526,3536,16857,1433,1057,1754,186,444,107,90,0,0,0,14,0,0,17,0,0,94,0,74,0,1192,0,0,0,0,0,42,0,0,0,180,0,341
36,Harburg,160742,39850,46765,11671,20426,4682,26777,2404,1193,2360,138,568,141,113,0,0,0,23,0,0,23,0,0,130,0,95,0,2452,0,0,0,0,0,151,0,0,0,433,0,347
37,Lüchow-Dannenberg – Lüneburg,138106,29032,41262,9145,13241,6328,30585,1161,1489,1681,179,453,147,91,0,0,0,25,0,0,65,0,0,119,0,94,0,2399,0,0,0,0,0,53,0,0,0,189,0,368
38,Osnabrück-Land,150458,42864,48352,10069,16653,3870,22160,824,1090,1397,123,403,88,85,0,0,0,12,0,0,31,0,0,89,0,65,0,1760,0,0,0,0,0,16,0,0,0,300,0,207
39,Stadt Osnabrück,148510,34462,44919,6903,14627,6224,34546,543,1341,1284,80,437,125,76,0,0,0,11,0,0,52,0,0,153,0,79,0,1482,0,0,0,0,0,25,0,0,0,598,0,543
40,Nienburg II – Schaumburg,141792,33968,49553,12434,14213,3842,19968,1335,1211,2078,154,552,72,97,0,0,0,16,0,0,21,0,0,108,0,79,0,1457,0,0,0,0,0,32,0,0,0,352,0,250
41,Stadt Hannover I,127586,23410,39511,7677,13282,5768,30360,691,1161,1400,87,681,103,121,0,0,0,55,0,0,63,0,0,180,0,72,0,1192,0,0,0,0,0,25,0,0,0,1073,0,674
42,Stadt Hannover II,142450,22537,40116,6753,13288,8831,41976,698,1705,1479,59,769,122,189,0,0,0,70,0,0,89,0,0,199,0,109,0,1440,0,0,0,0,0,20,0,0,0,1070,0,931
43,Hannover-Land I,172702,44529,55464,13295,19550,4504,26219,1077,1355,2637,130,692,113,95,0,0,0,36,0,0,33,0,0,141,0,72,0,1564,0,0,0,0,0,66,0,0,0,802,0,328
44,Celle – Uelzen,156830,40993,48332,14423,17990,4680,21882,1578,1454,2169,176,566,128,124,0,0,0,16,0,0,34,0,0,99,0,75,0,1592,0,0,0,0,0,28,0,0,0,225,0,266
45,Gifhorn – Peine,164830,37839,58846,16048,16238,4147,21960,1627,1429,2256,174,642,184,113,0,0,0,28,0,0,32,0,0,133,0,121,0,1942,0,0,0,0,0,74,0,0,0,582,0,415
46,Hameln-Pyrmont – Holzminden,131609,29809,48438,11590,13624,3734,17274,1122,963,1845,152,463,72,95,0,0,0,10,0,0,23,0,0,113,0,79,0,1546,0,0,0,0,0,30,0,0,0,416,0,211
47,Hannover-Land II,179092,40612,62024,13850,18320,4994,29201,1672,1432,2535,169,867,113,125,0,0,0,35,0,0,36,0,0,158,0,86,0,1650,0,0,0,0,0,40,0,0,0,752,0,421
48,Hildesheim,159778,36504,55439,12161,15397,5308,26565,1054,1432,2030,160,793,143,125,0,0,0,32,0,0,37,0,0,99,0,115,0,1628,0,0,0,0,0,31,0,0,0,416,0,309
49,Salzgitter – Wolfenbüttel,145722,33453,53411,14415,13463,4478,18105,1317,1274,2156,240,598,86,100,0,0,0,23,0,0,19,0,0,94,0,86,0,1362,0,0,0,0,0,39,0,0,0,743,0,260
50,Braunschweig,139294,25929,42377,8238,14046,6355,33401,844,1652,1567,101,785,180,280,0,0,0,52,0,0,33,0,0,189,0,81,0,1444,0,0,0,0,0,53,0,0,0,675,0,1012
51,Helmstedt – Wolfsburg,129204,31827,45414,12241,13073,3496,15481,1128,1192,1749,200,529,204,85,0,0,0,26,0,0,32,0,0,118,0,106,0,1520,0,0,0,0,0,40,0,0,0,381,0,362
52,Goslar – Northeim – Osterode,142315,33614,53876,11819,14239,4251,17118,1228,1184,1840,193,439,84,97,0,0,0,23,0,0,21,0,0,118,0,67,0,1505,0,0,0,0,0,25,0,0,0,325,0,249
53,Göttingen,160305,34588,51180,9785,15638,8132,32448,1259,1625,1713,174,569,136,125,0,0,0,46,0,0,73,0,0,164,0,111,0,1570,0,0,0,0,0,78,0,0,0,379,0,512
54,Bremen I,185237,32375,53425,9835,18396,15739,44414,1473,1977,2145,104,0,212,246,0,0,0,84,0,181,0,0,0,325,0,0,0,2008,0,0,0,0,0,0,0,0,0,1455,0,843
55,Bremen II – Bremerhaven,142803,24124,49799,12740,12085,9613,24013,1438,1932,2372,187,0,195,269,0,0,0,76,0,205,0,0,0,264,0,0,0,1453,0,0,0,0,0,0,0,0,0,1559,0,479
56,Prignitz – Ostprignitz-Ruppin – Havelland I,121008,19414,41163,23221,9070,9754,7677,3060,1373,2557,473,479,111,0,0,0,0,86,0,0,74,0,0,112,0,0,0,1580,0,0,0,0,0,0,0,0,0,151,459,194
57,Uckermark – Barnim I,129246,19818,40543,25748,10422,11617,9095,3131,1517,2830,482,516,233,0,0,0,0,60,0,0,179,0,0,131,0,0,0,1911,0,0,0,0,0,0,0,0,0,241,576,196
58,Oberhavel – Havelland II,193088,33377,55193,30793,19802,12665,20663,5142,2360,6154,555,1076,373,0,0,0,0,77,0,0,145,0,0,244,0,0,0,2732,0,0,0,0,0,0,0,0,0,472,761,504
59,Märkisch-Oderland – Barnim II,174498,26254,48712,31820,14939,18004,13954,6101,2393,5360,476,695,345,0,0,0,0,78,0,0,371,0,0,232,0,0,0,2865,0,0,0,0,0,0,0,0,0,378,1021,500
60,Brandenburg an der Havel – Potsdam-Mittelmark I – Havelland III – Teltow-Fläming I,145579,22274,48423,23845,11934,12019,12211,3853,1716,3599,459,626,270,0,0,0,0,82,0,0,167,0,0,184,0,0,0,2173,0,0,0,0,0,0,0,0,0,290,1035,419
61,Potsdam – Potsdam-Mittelmark II – Teltow-Fläming II,188885,26287,50965,18658,20210,19110,35865,3115,2795,4562,239,705,575,0,0,0,0,79,0,0,271,0,0,368,0,0,0,2977,0,0,0,0,0,0,0,0,0,469,613,1022
62,Dahme-Spreewald – Teltow-Fläming III – Oberspreewald-Lausitz I,191730,31299,54650,34411,18893,14955,16156,5883,2080,6073,550,919,330,0,0,0,0,100,0,0,291,0,0,248,0,0,0,2743,0,0,0,0,0,0,0,0,0,614,991,544
63,Frankfurt (Oder) – Oder-Spree,140590,19890,41414,28338,12439,13436,9992,3749,1989,3608,574,495,347,0,0,0,0,156,0,0,170,0,0,158,0,0,0,2420,0,0,0,0,0,0,0,0,0,306,736,373
64,Cottbus – Spree-Neiße,126555,17502,36098,30729,13603,9670,6939,2818,1593,2516,423,392,123,0,0,0,0,69,0,0,218,0,0,128,0,0,0,2212,0,0,0,0,0,0,0,0,0,276,899,347
65,Elbe-Elster – Oberspreewald-Lausitz II,118464,17776,33412,29849,11114,8532,4920,3657,1383,2564,637,437,128,0,0,0,0,55,0,0,92,0,0,87,0,0,0,1449,0,0,0,0,0,0,0,0,0,156,2022,194
66,Altmark,107744,22567,29537,20629,9396,10381,5834,3286,725,1100,205,308,58,0,0,0,818,75,0,0,0,0,0,99,510,91,0,1985,0,0,0,0,0,0,0,0,0,0,0,140
67,Börde – Jerichower Land,146963,32720,39043,29604,13589,12426,7267,2737,1130,1966,372,454,74,0,0,0,1909,118,0,0,0,0,0,136,831,176,0,2182,0,0,0,0,0,0,0,0,0,0,0,229
68,Harz,137050,30508,37330,24790,12532,12700,7495,2840,934,1736,296,435,78,0,0,0,1480,91,0,0,0,0,0,129,758,119,0,2621,0,0,0,0,0,0,0,0,0,0,0,178
69,Magdeburg,155384,28700,41022,23446,14673,16449,16352,2060,1737,1464,339,654,192,0,0,0,3135,173,0,0,0,0,0,282,1898,209,0,2021,0,0,0,0,0,0,0,0,0,0,0,578
70,Dessau – Wittenberg,113969,26740,29843,21630,10402,9635,6531,2543,876,1275,340,423,53,0,0,0,1001,85,0,0,0,0,0,102,587,100,0,1654,0,0,0,0,0,0,0,0,0,0,0,149
71,Anhalt,137446,29823,33055,31003,12705,14249,5470,2902,905,1922,374,370,56,0,0,0,1437,94,0,0,0,0,0,138,868,133,0,1793,0,0,0,0,0,0,0,0,0,0,0,149
72,Halle,147224,26282,34686,21914,15150,17180,19915,2349,1611,1830,254,678,197,0,0,0,1455,199,0,0,0,0,0,283,697,185,0,1988,0,0,0,0,0,0,0,0,0,0,0,371
73,Burgenland – Saalekreis,124579,26535,28460,31000,12785,10630,5002,1629,1006,1507,412,404,83,0,0,0,1184,99,0,0,0,0,0,121,761,156,0,2647,0,0,0,0,0,0,0,0,0,0,0,158
74,Mansfeld,131581,28411,32109,31476,12792,11680,4835,2163,839,1683,410,341,55,0,0,0,1253,108,0,0,0,0,0,125,701,133,0,2322,0,0,0,0,0,0,0,0,0,0,0,145
75,Berlin-Mitte,138799,16526,28881,7810,11040,19610,42486,746,2271,2473,78,579,203,111,0,0,0,88,209,0,196,811,36,333,0,245,42,0,0,0,0,0,0,63,0,0,0,2746,0,1216
76,Berlin-Pankow,134342,22455,20245,19426,4932,19157,34836,1087,2947,3866,86,622,241,93,0,0,0,50,290,0,330,1355,44,260,0,263,46,0,0,0,0,0,0,195,0,0,0,533,0,983
77,Berlin-Reinickendorf,111952,29580,25740,12731,10331,5067,17477,1569,1329,3276,96,348,146,78,0,0,0,22,232,0,58,1817,21,179,0,105,22,0,0,0,0,0,0,67,0,0,0,1216,0,445
78,Berlin-Spandau – Charlottenburg Nord,119955,26158,32853,12780,11798,6074,17193,1077,1882,4228,115,480,232,89,0,0,0,48,365,0,59,1569,52,217,0,168,30,0,0,0,0,0,0,91,0,0,0,1849,0,548
79,Berlin-Steglitz-Zehlendorf,169580,39905,40677,10036,20813,8076,38460,1335,1669,3326,55,556,288,115,0,0,0,13,328,0,55,1177,48,262,0,164,28,0,0,0,0,0,0,95,0,0,0,1010,0,1089
80,Berlin-Charlottenburg-Wilmersdorf,131799,29035,28894,7950,13934,8638,35201,788,1476,2101,35,398,157,62,0,0,0,20,105,0,79,623,35,243,0,123,17,0,0,0,0,0,0,71,0,0,0,893,0,921
81,Berlin-Tempelhof-Schöneberg,169338,31751,41215,10921,15633,12706,42791,1449,2009,3736,84,644,310,126,0,0,0,41,325,0,117,1377,66,233,0,226,36,0,0,0,0,0,0,98,0,0,0,2350,0,1094
82,Berlin-Neukölln,131524,22400,31498,10089,9325,15616,29474,961,1973,3226,98,451,169,77,0,0,0,87,275,0,120,1135,61,197,0,264,34,0,0,0,0,0,0,115,0,0,0,3234,0,645
83,Berlin-Friedrichshain-Kreuzberg – Prenzlauer Berg Ost,149769,11990,26326,7379,7834,27862,55147,650,3672,2754,43,670,201,118,0,0,0,99,198,0,262,739,36,337,0,348,42,0,0,0,0,0,0,47,0,0,0,1801,0,1214
84,Berlin-Treptow-Köpenick,153871,20562,35690,19322,12190,24609,24686,2133,2957,4799,378,596,314,123,0,0,0,92,549,0,264,2137,90,351,0,218,34,0,0,0,0,0,0,269,0,0,0,726,0,782
85,Berlin-Marzahn-Hellersdorf,130849,21887,29991,22665,9372,20755,11207,1301,2108,4990,404,531,140,87,0,0,0,84,709,0,298,2434,97,284,0,178,48,0,0,0,0,0,0,164,0,0,0,509,0,606
86,Berlin-Lichtenberg,141167,16891,32403,17916,9796,25840,21777,1857,2906,4823,294,705,212,99,0,0,0,106,712,0,349,2130,79,339,0,210,49,0,0,0,0,0,0,126,0,0,0,620,0,928
87,Aachen I,139293,31772,30588,5427,15032,7453,40421,531,1632,1151,44,542,224,104,0,0,0,30,72,0,42,0,0,268,0,70,22,1342,53,0,0,0,88,25,33,67,0,871,0,1389
88,Aachen II,169087,49838,53408,12409,17892,5259,19918,1131,1584,2525,189,613,187,86,0,0,0,23,188,0,21,0,0,113,0,75,17,1587,43,0,0,0,264,18,52,164,0,1012,0,471
89,Heinsberg,143971,46466,38822,11359,16023,4529,16858,1375,1929,2334,209,532,87,109,0,0,0,18,210,0,10,0,0,75,0,70,14,1602,53,0,0,0,235,30,47,155,0,438,0,382
90,Düren,152129,46217,44058,13171,17104,4570,16951,1296,1387,2465,179,730,88,84,0,0,0,12,222,0,32,0,0,87,0,90,10,1545,162,0,0,0,260,34,54,166,0,641,0,514
91,Rhein-Erft-Kreis I,193401,55068,54714,13417,24227,5682,27566,1439,1446,2767,167,1237,100,99,0,0,0,27,215,0,32,0,0,147,0,93,20,1762,65,0,0,0,471,52,70,183,0,1627,0,708
92,Euskirchen – Rhein-Erft-Kreis II,191274,58081,50949,14894,23314,5730,26161,1628,1631,2828,150,825,133,132,0,0,0,22,271,0,23,0,0,138,0,87,19,2187,95,0,0,0,290,52,72,238,0,740,0,584
93,Köln I,140080,27695,36933,8363,15040,8267,33501,753,1607,1704,76,548,88,109,0,0,0,64,127,0,43,0,0,152,0,116,15,1327,72,0,0,0,173,27,67,105,0,1768,0,1340
94,Köln II,204333,41834,43193,5891,26470,10399,65240,792,1898,1646,53,558,159,165,0,0,0,31,127,0,36,0,0,182,0,104,12,1773,83,0,0,0,110,39,64,102,0,1049,0,2323
95,Köln III,154402,27485,39901,7876,13845,9903,44407,684,1784,1846,73,466,121,119,0,0,0,72,139,0,43,0,0,135,0,140,11,1605,52,0,0,0,142,35,48,109,0,1937,0,1424
96,Bonn,184444,41551,41641,7750,21902,10026,50174,897,1661,1371,51,611,162,130,0,0,0,57,113,0,47,0,0,196,0,68,12,1823,106,0,0,0,118,75,53,77,0,1817,0,1955
97,Rhein-Sieg-Kreis I,186824,51474,49529,13604,23122,6353,29305,1392,2067,3021,164,804,156,134,0,0,0,19,223,0,19,0,0,153,0,87,23,2583,220,0,0,0,278,46,52,154,0,921,0,921
98,Rhein-Sieg-Kreis II,175421,51795,41753,10551,23435,5687,31027,1303,1530,2215,112,599,166,128,0,0,0,20,196,0,11,0,0,135,0,59,10,2111,169,0,0,0,223,78,61,170,0,855,0,1022
99,Oberbergischer Kreis,158674,44018,42413,15211,19796,5153,19959,1434,1622,2426,153,652,183,89,0,0,0,25,221,0,15,0,0,104,0,78,18,2809,699,0,0,0,236,34,110,178,0,635,0,403
100,Rheinisch-Bergischer Kreis,175896,48224,44429,10051,24373,5222,32285,1697,1419,2199,100,554,115,119,0,0,0,27,208,0,22,0,0,127,0,76,9,2247,132,0,0,0,223,34,41,157,0,662,0,1144
101,Leverkusen – Köln IV,153000,33246,44586,10966,15931,7318,29329,918,2076,2081,123,664,112,139,0,0,0,96,216,0,36,0,0,124,0,98,24,1715,100,0,0,0,195,36,57,149,0,1669,0,996
102,Wuppertal I,145399,30527,42421,12090,15970,8055,25388,964,1674,2159,167,533,97,126,0,0,0,122,152,0,58,0,0,123,0,78,30,1733,115,0,0,0,167,27,49,129,0,1713,0,732
103,Solingen – Remscheid – Wuppertal II,162218,39413,48196,12506,20256,6076,24296,1086,2044,2521,143,624,99,118,0,0,0,80,194,0,17,0,0,174,0,56,13,1913,83,0,0,0,260,30,70,168,0,1312,0,470
104,Mettmann I,158308,43354,42385,10658,21083,4956,25430,1117,1474,2260,130,652,104,119,0,0,0,22,208,0,21,0,0,94,0,72,14,1632,98,0,0,0,215,46,77,195,0,1321,0,571
105,Mettmann II,122892,33254,34409,9104,16235,3887,18112,759,1293,1656,109,613,79,82,0,0,0,59,183,0,12,0,0,85,0,58,15,1210,154,0,0,0,138,37,34,152,0,851,0,312
106,Düsseldorf I,174303,44892,38195,7495,27743,6741,39452,851,1561,1635,84,516,110,145,0,0,0,49,143,0,45,0,0,165,0,89,12,1535,42,0,0,0,139,42,52,147,0,1315,0,1108
107,Düsseldorf II,141432,31639,35671,8503,17335,6931,31524,859,1572,1831,81,517,90,129,0,0,0,66,147,0,62,0,0,141,0,77,16,1280,49,0,0,0,143,28,55,139,0,1674,0,873
108,Neuss I,160966,48166,43760,11298,20333,4771,21951,861,1774,2367,132,607,108,149,0,0,0,29,231,0,44,0,0,125,0,72,25,1748,61,0,0,0,234,31,50,166,0,1393,0,480
109,Mönchengladbach,128405,36555,34877,9641,15459,4927,18166,850,1562,2013,190,467,111,122,0,0,0,24,166,0,86,0,0,109,0,74,12,1343,33,0,0,0,211,22,49,119,0,907,0,310
110,Krefeld I – Neuss II,154594,45635,39407,9342,22069,4680,24014,981,1610,2111,108,580,117,119,0,0,0,44,155,0,45,0,0,103,0,65,16,1528,94,0,0,0,201,33,36,147,0,975,0,379
111,Viersen,173752,52896,46375,10357,22281,5203,25673,1327,2140,2618,140,632,183,120,0,0,0,31,197,0,22,0,0,133,0,82,12,1808,93,0,0,0,228,33,54,155,0,582,0,377
112,Kleve,169767,54793,47837,9632,19542,4728,23587,1488,1438,2386,150,605,115,107,0,0,0,28,224,0,17,0,0,121,0,77,15,1628,60,0,0,0,241,28,60,167,0,297,0,396
113,Wesel I,159497,42544,53277,10994,17302,5103,20629,966,2079,2468,134,515,92,81,0,0,0,65,205,0,19,0,0,84,0,73,16,1444,92,0,0,0,226,37,52,162,0,629,0,209
114,Krefeld II – Wesel II,130616,32316,41476,9189,14899,4703,19539,818,1507,1915,103,506,70,89,0,0,0,78,143,0,27,0,0,113,0,71,16,1362,88,0,0,0,189,38,41,119,0,969,0,232
115,Duisburg I,117594,23166,41308,9802,10593,5580,17912,780,1482,2135,149,487,79,112,0,0,0,148,156,0,46,0,0,128,0,79,22,1081,75,0,0,0,158,28,35,142,0,1603,0,308
116,Duisburg II,97166,18168,35842,11834,7913,4508,10287,674,1235,2022,236,379,56,90,0,0,0,172,164,0,41,0,0,81,0,63,15,755,73,0,0,0,186,26,38,128,0,1980,0,200
117,Oberhausen – Wesel III,144016,30770,53034,13099,13573,5613,17945,847,2199,2473,182,515,100,154,0,0,0,71,201,0,28,0,0,87,0,54,20,1064,74,0,0,0,209,22,45,167,0,1113,0,357
118,Mülheim – Essen I,138589,32698,46084,11135,15188,4494,20232,677,1613,2126,125,450,81,88,0,0,0,72,186,0,58,0,0,98,0,56,21,1224,87,0,0,0,184,40,34,120,0,1080,0,338
119,Essen II,104409,21039,35363,11521,9531,4525,13971,639,1421,1924,132,349,57,74,0,0,0,142,155,0,94,0,0,95,0,60,16,840,64,0,0,0,190,32,35,122,0,1718,0,300
120,Essen III,152063,37053,42629,8398,17995,6117,30764,845,1718,2005,90,443,89,116,0,0,0,64,129,0,90,0,0,137,0,61,15,1521,78,0,0,0,151,60,40,99,0,852,0,504
121,Recklinghausen I,120737,27988,42552,10927,11989,4239,15180,594,1526,1961,152,473,60,80,0,0,0,87,164,0,40,0,0,72,0,62,16,966,69,0,0,0,170,33,42,140,0,913,0,242
122,Recklinghausen II,136738,33610,48563,12522,13571,4084,15627,634,1555,2368,170,548,72,91,0,0,0,81,217,0,29,0,0,79,0,56,10,1093,62,0,0,0,207,32,44,117,0,1094,0,202
123,Gelsenkirchen,111284,22091,41326,14204,9721,3853,11170,723,1245,2572,181,394,51,70,0,0,0,222,176,0,28,0,0,69,0,51,13,775,55,0,0,0,184,21,22,128,0,1753,0,186
124,Steinfurt I – Borken I,155919,52625,44788,8385,17783,4469,20525,937,1354,1510,130,521,84,72,0,0,0,19,137,0,15,0,0,95,0,52,15,1050,60,0,0,0,163,23,53,130,0,432,0,492
125,Bottrop – Recklinghausen III,147623,36814,51637,13899,14647,4484,16434,661,1757,2536,150,526,200,89,0,0,0,78,200,0,236,0,0,85,0,76,17,1048,31,0,0,0,232,81,50,152,0,1246,0,257
126,Borken II,161276,59102,42303,7724,19081,3914,21738,1056,1324,1517,75,486,116,86,0,0,0,22,163,0,27,0,0,78,0,69,9,1219,68,0,0,0,176,31,45,140,0,396,0,311
127,Coesfeld – Steinfurt II,160182,55230,42647,7339,17927,4093,25506,998,1348,1595,121,580,101,79,0,0,0,8,179,0,18,0,0,83,0,45,5,1184,51,0,0,0,152,30,42,151,0,262,0,408
128,Steinfurt III,154532,42528,50555,9253,16113,4723,23996,813,1446,1504,116,482,97,73,0,0,0,29,128,0,18,0,0,94,0,34,15,1241,69,0,0,0,166,27,39,112,0,460,0,401
129,Münster,195456,43790,45844,5603,20786,9746,60036,691,1684,1326,45,479,422,150,0,0,0,12,116,0,75,0,0,205,0,93,22,1409,42,0,0,0,138,25,52,79,0,774,0,1812
130,Warendorf,164622,51722,47648,10533,18193,4525,23309,1014,1553,1729,128,535,200,84,0,0,0,13,179,0,31,0,0,108,0,62,13,1518,113,0,0,0,207,33,54,132,0,635,0,351
131,Gütersloh I,178348,52421,47371,13299,21211,5173,28308,1441,1851,1896,135,613,147,113,0,0,0,21,219,0,33,0,0,97,0,78,8,2010,272,0,0,0,263,33,50,157,0,750,0,378
132,Bielefeld – Gütersloh II,184163,37355,50009,12448,20658,11462,40161,697,2324,1872,120,683,197,117,0,0,0,88,219,0,64,0,0,156,0,105,25,2274,336,0,0,0,187,32,77,186,0,1591,0,720
133,Herford – Minden-Lübbecke II,169056,39769,53359,16144,19884,6038,22732,1352,2003,2181,144,565,72,104,0,0,0,37,149,0,33,0,0,117,0,80,15,2226,501,0,0,0,212,37,53,185,0,760,0,304
134,Minden-Lübbecke I,151572,35814,49351,13892,17486,4857,19762,1378,1743,1838,132,542,102,73,0,0,0,23,171,0,24,0,0,132,0,93,13,2050,1050,0,0,0,187,30,45,164,0,394,0,226
135,Lippe I,170871,39001,53130,16789,20221,6414,23276,1348,1781,2216,170,637,154,96,0,0,0,25,190,0,23,0,0,136,0,90,14,2559,1244,0,0,0,231,85,59,173,0,520,0,289
136,Höxter – Gütersloh III – Lippe II,133088,43265,36253,11533,15488,3762,14717,1024,1367,1553,121,566,186,74,0,0,0,10,172,0,8,0,0,91,0,48,6,1636,300,0,0,0,190,34,40,126,0,335,0,183
137,Paderborn,176982,58419,39089,14360,21877,5858,26981,1137,1925,1863,135,600,134,108,0,0,0,28,191,0,26,0,0,148,0,79,22,2195,310,0,0,0,220,37,62,160,0,523,0,495
138,Hagen – Ennepe-Ruhr-Kreis I,143609,34210,47400,13760,16179,4857,17237,1031,1591,2392,161,573,99,91,0,0,0,76,194,0,45,0,0,110,0,57,9,1200,169,0,0,0,235,32,56,162,0,1448,0,235
139,Ennepe-Ruhr-Kreis II,135700,29855,45664,9654,14432,5029,21941,843,1623,2085,129,804,143,83,0,0,0,105,186,0,48,0,0,96,0,65,11,1485,104,0,0,0,180,20,37,140,0,660,0,278
140,Bochum I,153588,29811,50162,10232,14583,8225,30795,636,1914,2079,205,531,135,121,0,0,0,100,195,0,59,0,0,189,0,82,12,1222,90,0,0,0,177,46,39,126,0,1303,0,519
141,Herne – Bochum II,121841,23164,46578,11882,10623,5029,15383,818,1467,2357,168,582,76,110,0,0,0,124,169,0,34,0,0,109,0,67,11,927,68,0,0,0,226,46,49,106,0,1395,0,273
142,Dortmund I,154874,27797,50117,10746,14550,7566,31867,758,3451,2661,254,680,111,97,0,0,0,84,180,0,74,0,0,144,0,76,36,1206,57,0,0,0,174,40,38,108,0,1445,0,557
143,Dortmund II,142790,27650,51080,11290,13629,6361,21714,839,2426,2943,194,626,79,65,0,0,0,60,191,0,68,0,0,85,0,78,21,1079,65,0,0,0,168,25,37,147,0,1516,0,354
144,Unna I,146936,31995,53490,11428,15286,5154,20022,1088,1740,2562,144,534,72,102,0,0,0,64,193,0,24,0,0,107,0,76,11,1151,89,0,0,0,211,19,45,175,0,823,0,331
145,Hamm – Unna II,167428,40444,59227,15497,16764,5694,19149,1242,1574,2680,238,640,99,82,0,0,0,23,264,0,31,0,0,113,0,81,12,1164,110,0,0,0,267,38,58,159,0,1406,0,372
146,Soest,177829,51697,51061,14206,21005,5520,24089,1176,1724,2260,156,666,118,89,0,0,0,12,246,0,31,0,0,121,0,89,13,2038,159,0,0,0,251,34,73,173,0,495,0,327
147,Hochsauerlandkreis,155494,52017,44640,11532,18712,3989,15473,1583,1983,1943,122,462,99,87,0,0,0,14,181,0,11,0,0,80,0,52,8,1346,69,0,0,0,186,28,37,128,0,380,0,332
148,Siegen-Wittgenstein,160998,42161,50327,14709,18597,5726,17842,1340,2043,2099,166,485,358,103,0,0,0,24,182,0,47,0,0,156,0,68,7,2107,467,0,0,0,198,36,51,134,0,886,0,679
149,Olpe – Märkischer Kreis I,153671,50364,42362,13100,19227,4150,15243,1251,1213,1899,181,511,265,78,0,0,0,26,190,0,60,0,0,87,0,69,12,1676,326,0,0,0,211,27,46,128,0,691,0,278
150,Märkischer Kreis II,142608,40368,42230,13082,17125,4804,14880,1228,1300,2994,185,540,85,75,0,0,0,52,245,0,32,0,0,111,0,68,13,1496,105,0,0,0,222,28,46,154,0,925,0,215
151,Nordsachsen,117757,23000,24732,32066,12476,8868,5462,3346,1333,2311,473,404,240,61,0,0,0,76,598,0,89,0,0,137,0,0,0,1363,88,0,268,0,0,0,0,0,0,196,0,170
152,Leipzig I,166419,24953,34748,25891,17660,20884,25848,2645,3021,3800,303,833,306,242,0,0,0,153,693,0,149,0,0,427,0,0,0,2204,160,0,183,0,0,0,0,0,0,656,0,660
153,Leipzig II,179837,23561,37634,20213,17439,26472,38264,2188,3307,3489,218,881,383,353,0,0,0,197,438,0,177,0,0,402,0,0,0,2564,192,0,159,0,0,0,0,0,0,589,0,717
154,Leipzig-Land,160447,32711,34104,38458,18322,12362,9381,3973,1743,3099,461,496,278,116,0,0,0,87,897,0,115,0,0,175,0,0,0,2403,186,0,328,0,0,0,0,0,0,373,0,379
155,Meißen,147594,25912,26045,43940,17212,10725,8872,4312,1754,2634,566,581,405,108,0,0,0,77,713,0,65,0,0,187,0,0,0,2341,188,0,296,0,0,0,0,0,0,321,0,340
156,Bautzen I,157088,29213,26674,50050,17187,12272,6247,4157,2104,2951,601,542,251,71,0,0,0,69,957,0,96,0,0,171,0,0,0,2296,256,0,273,0,0,0,0,0,0,330,0,320
157,Görlitz,150993,27630,25441,49123,15039,11327,7358,3645,1428,3259,488,540,177,97,0,0,0,106,1045,0,92,0,0,185,0,0,0,2583,456,0,305,0,0,0,0,0,0,331,0,338
158,Sächsische Schweiz-Osterzgebirge,152154,26028,23545,48580,17814,11653,8023,5039,1276,2864,635,618,396,82,0,0,0,66,929,0,85,0,0,247,0,0,0,2945,223,0,283,0,0,0,0,0,0,373,0,450
159,Dresden I,179726,27710,34125,32122,21989,18910,27369,2967,2568,3014,305,1313,760,177,0,0,0,130,815,0,106,0,0,495,0,0,0,2645,359,0,150,0,0,0,0,0,0,769,0,928
160,Dresden II – Bautzen II,188005,26037,30620,36003,22884,20913,31265,3464,3252,3271,307,1709,641,226,0,0,0,150,1099,0,128,0,0,424,0,0,0,3661,256,0,188,0,0,0,0,0,0,607,0,900
161,Mittelsachsen,145992,25603,27000,43821,16897,11687,6822,3206,1366,2860,713,514,549,120,0,0,0,86,774,0,116,0,0,246,0,0,0,2446,281,0,257,0,0,0,0,0,0,292,0,336
162,Chemnitz,139579,20713,32616,30089,15781,15008,12680,1997,2280,2620,252,440,359,320,0,0,0,90,609,0,133,0,0,296,0,0,0,2097,378,0,164,0,0,0,0,0,0,311,0,346
163,Chemnitzer Umland – Erzgebirgskreis II,135982,24662,27518,37181,15117,11166,6138,4477,1664,2527,542,362,381,139,0,0,0,52,581,0,88,0,0,171,0,0,0,1816,708,0,266,0,0,0,0,0,0,266,0,160
164,Erzgebirgskreis I,159635,31340,28848,48794,16210,12078,5194,5079,1650,2966,914,397,256,166,0,0,0,58,673,0,102,0,0,150,0,0,0,1958,1940,0,291,0,0,0,0,0,0,323,0,248
165,Zwickau,145546,27024,30718,36601,15431,13629,7134,4004,1483,3093,400,463,310,104,0,0,0,92,579,0,96,0,0,133,0,0,0,2720,679,0,418,0,0,0,0,0,0,244,0,191
166,Vogtlandkreis,136143,26782,30436,34112,13708,12058,6263,2155,1676,3181,291,340,364,82,0,0,0,73,652,0,88,0,0,157,0,0,0,2048,779,0,459,0,0,0,0,0,0,248,0,191
167,Waldeck,136043,30392,49064,12899,15288,4441,14775,2791,964,1946,159,452,106,83,0,0,0,40,218,0,27,0,0,87,0,0,0,1528,114,0,0,41,0,31,0,0,0,374,0,223
168,Kassel,160829,28183,51812,12141,16448,10518,30348,1824,1673,2346,143,694,175,156,0,0,0,133,215,0,89,0,0,180,0,0,0,1854,217,0,0,48,0,31,0,0,0,1159,0,442
169,Werra-Meißner – Hersfeld-Rotenburg,129026,27867,48579,14899,12807,4524,11595,2734,988,1776,201,343,121,71,0,0,0,35,210,0,24,0,0,81,0,0,0,1344,204,0,0,90,0,22,0,0,0,198,0,313
170,Schwalm-Eder,139171,29913,50100,15047,15422,4411,14089,3440,1209,1996,244,504,126,73,0,0,0,15,251,0,43,0,0,92,0,0,0,1396,233,0,0,48,0,34,0,0,0,270,0,215
171,Marburg,140269,31042,42098,12558,14789,8089,22347,1767,1178,1863,176,453,291,115,0,0,0,23,177,0,61,0,0,133,0,0,0,1828,275,0,0,43,0,32,0,0,0,497,0,434
172,Lahn-Dill,151400,37725,44546,17513,17327,5102,16957,3051,1636,2240,382,449,238,118,0,0,0,17,239,0,74,0,0,119,0,0,0,1946,524,0,0,39,0,39,0,0,0,720,0,399
173,Gießen,159702,36201,44046,14836,17106,8028,26109,3697,1818,2301,235,555,251,177,0,0,0,34,216,0,117,0,0,211,0,0,0,1892,251,0,0,50,0,41,0,0,0,632,0,898
174,Fulda,161704,50312,36343,21443,20528,4447,16324,3136,1326,2007,239,442,189,151,0,0,0,20,231,0,28,0,0,130,0,0,0,2458,468,0,0,71,0,51,0,0,0,399,0,961
175,Main-Kinzig – Wetterau II – Schotten,135037,32685,36943,17079,17046,4308,15009,3435,1255,2579,497,584,137,116,0,0,0,25,263,0,37,0,0,124,0,0,0,1873,146,0,0,60,0,28,0,0,0,356,0,452
176,Hochtaunus,142682,37331,35171,11156,21996,4441,22486,2246,1053,2026,155,739,127,128,0,0,0,12,200,0,32,0,0,148,0,0,0,1880,113,0,0,68,0,47,0,0,0,533,0,594
177,Wetterau I,137257,32419,35909,11680,19043,4905,21917,2812,1153,2255,352,771,145,162,0,0,0,22,230,0,29,0,0,139,0,0,0,1915,114,0,0,50,0,39,0,0,0,637,0,559
178,Rheingau-Taunus – Limburg,170482,44413,43708,14523,23745,5395,25328,3466,1357,2772,195,661,159,178,0,0,0,24,245,0,36,0,0,186,0,0,0,2386,220,0,0,54,0,55,0,0,0,546,0,830
179,Wiesbaden,134866,28523,33546,9588,18947,7128,26818,1411,1049,1651,104,525,139,135,0,0,0,34,152,0,35,0,0,252,0,0,0,1911,112,0,0,34,0,81,0,0,0,1367,0,1324
180,Hanau,129652,29223,35739,13257,17158,4948,18258,2180,1186,2504,236,555,150,140,0,0,0,32,254,0,53,0,0,177,0,0,0,1549,85,0,0,49,0,35,0,0,0,1349,0,535
181,Main-Taunus,156281,42260,34468,10427,26335,4708,26771,2471,1253,2042,116,510,163,135,0,0,0,31,209,0,19,0,0,154,0,0,0,1871,93,0,0,56,0,34,0,0,0,1143,0,1012
182,Frankfurt am Main I,143763,25915,32499,7846,21361,10384,33821,1184,1389,1716,125,645,118,168,0,0,0,72,179,0,97,0,0,210,0,0,0,1597,133,0,0,35,0,39,0,0,0,2496,0,1734
183,Frankfurt am Main II,173651,31660,38777,8188,25530,11901,44370,1512,1565,1754,76,686,128,201,0,0,0,48,190,0,87,0,0,190,0,0,0,1923,134,0,0,36,0,56,0,0,0,1965,0,2674
184,Groß-Gerau,127584,27301,37973,11246,14999,5394,18928,2478,1387,2163,149,545,137,141,0,0,0,81,214,0,92,0,0,175,0,0,0,1462,157,0,0,56,0,39,0,0,0,1998,0,469
185,Offenbach,155814,35754,38799,12098,20625,7787,27062,2336,1380,2242,127,849,128,183,0,0,0,26,225,0,64,0,0,163,0,0,0,2178,96,0,0,47,0,38,0,0,0,2429,0,1178
186,Darmstadt,187028,34472,49273,12194,22256,10764,41948,2139,1984,2626,165,846,302,165,0,0,0,107,226,0,86,0,0,292,0,0,0,2679,351,0,0,63,0,57,0,0,0,1450,0,2583
187,Odenwald,177126,42857,49518,15983,22433,6333,24694,3322,1545,3213,198,727,202,187,0,0,0,57,289,0,131,0,0,155,0,0,0,3171,196,0,0,65,0,56,0,0,0,846,0,948
188,Bergstraße,151443,37064,41124,14377,20432,4629,21457,2723,1221,3029,237,617,151,145,0,0,0,18,258,0,33,0,0,153,0,0,0,2465,176,0,0,63,0,47,0,0,0,533,0,491
189,Eichsfeld – Nordhausen – Kyffhäuserkreis,152678,33662,37282,34296,13695,15166,7176,2826,1668,2049,626,483,478,80,0,0,0,255,0,356,0,0,0,117,0,0,0,1975,0,0,0,0,0,0,0,0,0,210,0,278
190,Eisenach – Wartburgkreis – Unstrut-Hainich-Kreis,154221,28249,38363,37737,13258,15872,7469,3882,1649,2226,624,558,307,91,0,0,0,298,0,380,0,0,0,129,0,0,0,2563,0,0,0,0,0,0,0,0,0,227,0,339
191,Jena – Sömmerda – Weimarer Land I,152575,23869,34195,30263,14070,19505,16709,3712,2143,2108,544,859,217,140,0,0,0,271,0,318,0,0,0,238,0,0,0,2349,0,0,0,0,0,0,0,0,0,342,0,723
192,Gotha – Ilm-Kreis,140648,21820,33437,36522,12126,15454,8100,3810,1791,2168,437,759,162,133,0,0,0,235,0,405,0,0,0,173,0,0,0,2351,0,0,0,0,0,0,0,0,0,297,0,468
193,Erfurt – Weimar – Weimarer Land II,164998,23580,39378,26803,15504,23055,21831,2162,2650,2777,292,1203,298,196,0,0,0,345,0,438,0,0,0,236,0,0,0,3048,0,0,0,0,0,0,0,0,0,465,0,737
194,Gera – Greiz – Altenburger Land,166043,27303,36326,46659,16212,18666,7331,2433,1970,2903,537,706,154,147,0,0,0,475,0,594,0,0,0,176,0,0,0,2727,0,0,0,0,0,0,0,0,0,355,0,369
195,Saalfeld-Rudolstadt – Saale-Holzland-Kreis – Saale-Orla-Kreis,164623,27008,35019,46381,15428,18489,7383,4079,2283,2510,547,645,293,145,0,0,0,338,0,493,0,0,0,152,0,0,0,2668,0,0,0,0,0,0,0,0,0,374,0,388
196,Suhl – Schmalkalden-Meiningen – Hildburghausen – Sonneberg,169125,27923,42446,44572,13990,18486,7221,4247,1859,2232,496,1078,547,120,0,0,0,353,0,416,0,0,0,136,0,0,0,2508,0,0,0,0,0,0,0,0,0,231,0,264
197,Neuwied,180293,48338,54018,17504,20751,5417,18930,5860,1746,2546,214,701,245,152,99,0,0,31,0,0,0,0,0,153,0,0,0,2286,0,0,0,0,0,70,0,0,0,692,0,540
198,Ahrweiler,147087,41942,42303,11322,17484,3851,17685,4908,1208,2021,145,673,331,124,107,0,0,26,0,0,0,0,0,116,0,0,0,1613,0,0,0,0,0,62,0,0,0,609,0,557
199,Koblenz,145903,37958,42817,10426,16371,4804,21007,4928,1401,1818,99,725,319,156,118,0,0,26,0,0,0,0,0,137,0,0,0,1497,0,0,0,0,0,56,0,0,0,598,0,642
200,Mosel/Rhein-Hunsrück,133262,38664,38015,11061,16664,3725,12230,5820,1099,1845,124,506,374,123,89,0,0,19,0,0,0,0,0,95,0,0,0,1770,0,0,0,0,0,51,0,0,0,237,0,751
201,Kreuznach,136658,33433,44259,13510,15704,4454,12903,4616,1182,2054,178,497,537,112,92,0,0,30,0,0,0,0,0,115,0,0,0,1930,0,0,0,0,0,105,0,0,0,339,0,608
202,Bitburg,123054,37086,34343,8794,13997,3265,11411,8460,1038,1473,107,364,356,70,77,0,0,12,0,0,0,0,0,80,0,0,0,1434,0,0,0,0,0,44,0,0,0,234,0,409
203,Trier,145631,34578,44123,9001,16206,5712,22708,5379,1507,2003,114,538,363,144,116,0,0,30,0,0,0,0,0,179,0,0,0,1678,0,0,0,0,0,50,0,0,0,343,0,859
204,Montabaur,162711,43125,49346,14565,19021,4690,16832,6432,1657,2424,193,588,223,139,104,0,0,24,0,0,0,0,0,138,0,0,0,2100,0,0,0,0,0,67,0,0,0,539,0,504
205,Mainz,201288,42659,53889,10833,23178,9418,46183,3605,1600,2025,109,970,1029,219,171,0,0,38,0,0,0,0,0,320,0,0,0,1979,0,0,0,0,0,67,0,0,0,1255,0,1741
206,Worms,164822,37548,49656,17033,20095,5068,20799,4749,1214,2612,264,890,456,167,109,0,0,35,0,0,0,0,0,186,0,0,0,2302,0,0,0,0,0,86,0,0,0,627,0,926
207,Ludwigshafen/Frankenthal,153258,33726,45895,18075,18421,4651,18128,4789,1308,2771,253,658,226,164,152,0,0,68,0,0,0,0,0,160,0,0,0,1689,0,0,0,0,0,102,0,0,0,1275,0,747
208,Neustadt – Speyer,172322,41322,47121,17499,21823,4880,23949,6380,1232,2576,177,577,324,182,152,0,0,26,0,0,0,0,0,178,0,0,0,2413,0,0,0,0,0,62,0,0,0,512,0,937
209,Kaiserslautern,167464,33226,54460,20702,17242,6383,17611,8042,1641,3168,298,695,253,142,121,0,0,36,0,0,0,0,0,171,0,0,0,2055,0,0,0,0,0,101,0,0,0,432,0,685
210,Pirmasens,130723,33507,38261,17178,14374,4207,9877,4935,1496,3325,286,489,154,114,107,0,0,30,0,0,0,0,0,105,0,0,0,1584,0,0,0,0,0,48,0,0,0,221,0,425
211,Südpfalz,169676,39421,47028,17702,21120,5598,22882,5493,1515,3098,218,659,471,194,182,0,0,38,0,0,0,0,0,151,0,0,0,2389,0,0,0,0,0,73,0,0,0,665,0,779
212,Altötting,128760,44060,18309,13940,13298,2769,12248,14857,872,1396,103,389,1302,106,0,881,0,19,165,0,15,0,0,94,0,53,0,3003,55,0,50,0,0,24,0,0,0,334,222,196
213,Erding – Ebersberg,167603,55992,25693,12228,20228,3648,24620,13865,1279,1900,82,534,1342,161,0,1350,0,22,173,0,21,0,0,151,0,112,0,2857,92,0,59,0,0,30,0,0,0,481,271,412
214,Freising,193119,62930,29085,17515,21738,4456,26055,18779,1385,1881,108,554,1449,296,0,1068,0,19,218,0,20,0,0,185,0,88,0,3388,86,0,106,0,0,51,0,0,0,781,335,543
215,Fürstenfeldbruck,191852,63944,31141,13209,23046,4192,30537,12325,1274,2388,91,683,1359,203,0,795,0,16,230,0,13,0,0,178,0,103,0,4102,90,0,72,0,0,44,0,0,0,631,323,863
216,Ingolstadt,186539,64577,31592,18694,19797,4450,20833,15580,1295,1652,129,533,1231,165,0,1111,0,31,216,0,30,0,0,142,0,86,0,2890,98,0,77,0,0,31,0,0,0,643,294,362
217,München-Nord,174902,39986,33241,8250,25953,7044,44861,4396,1157,1504,30,488,1143,184,0,409,0,35,141,0,36,0,0,218,0,139,0,2216,60,0,28,0,0,50,0,0,0,1603,175,1555
218,München-Ost,193271,49286,36106,8978,27112,7080,47647,5052,1248,1762,45,654,1289,169,0,473,0,35,148,0,35,0,0,201,0,121,0,2450,100,0,33,0,0,32,0,0,0,1724,239,1252
219,München-Süd,172371,40585,33117,7910,21495,7669,45562,4724,1299,1711,40,608,1306,197,0,357,0,44,145,0,45,0,0,172,0,165,0,2388,83,0,32,0,0,36,0,0,0,1000,184,1497
220,München-West/Mitte,197625,45540,37513,8403,26401,8219,54303,5036,1403,1796,46,614,1353,234,0,394,0,34,158,0,52,0,0,196,0,187,0,2655,83,0,41,0,0,52,0,0,0,1161,180,1571
221,München-Land,198610,64669,34189,10489,28696,4449,36817,7612,1254,2054,54,659,1332,127,0,719,0,29,173,0,32,0,0,196,0,94,0,2805,87,0,51,0,0,44,0,0,0,808,261,910
222,Rosenheim,190561,59126,27406,16570,23049,4607,25962,18261,1385,1882,95,566,1633,213,0,1737,0,17,198,0,29,0,0,162,0,94,0,6075,129,0,77,0,0,27,0,0,0,488,287,486
223,Bad Tölz-Wolfratshausen – Miesbach,135356,46304,18276,10835,17048,2908,18138,12531,918,1265,67,398,1076,128,0,1197,0,26,129,0,14,0,0,100,0,78,0,2996,49,0,41,0,0,27,0,0,0,323,176,308
224,Starnberg – Landsberg am Lech,180264,57906,28584,11066,23893,4446,32663,9026,1299,1775,81,600,1293,265,0,847,0,12,199,0,24,0,0,128,0,88,0,4505,118,0,36,0,0,42,0,0,0,442,238,688
225,Traunstein,163059,51421,25190,14027,15747,3943,19985,21369,1121,1619,101,413,1417,153,0,1448,0,18,149,0,21,0,0,112,0,85,0,3699,135,0,64,0,0,56,0,0,0,243,258,265
226,Weilheim,137160,48178,19927,10873,14311,3124,18397,11462,905,1316,67,375,1737,120,0,1229,0,15,136,0,48,0,0,83,0,76,0,3717,85,0,61,0,0,27,0,0,0,296,256,339
227,Deggendorf,126644,42154,19873,17911,10778,2301,8516,18206,646,1059,88,333,750,156,0,1516,0,12,90,0,7,0,0,63,0,29,0,1599,48,0,67,0,0,17,0,0,0,175,150,100
228,Landshut,194766,64383,30931,19973,20204,4186,20087,23747,1060,2257,127,559,1425,168,0,1237,0,17,209,0,24,0,0,129,0,95,0,2737,99,0,88,0,0,23,0,0,0,458,253,290
229,Passau,136052,44215,23892,16023,12782,3093,12645,16475,673,1233,116,351,1326,83,0,750,0,10,131,0,16,0,0,134,0,53,0,1485,76,0,50,0,0,18,0,0,0,136,148,138
230,Rottal-Inn,133246,45687,19108,16384,12904,2487,9495,19910,675,1228,98,300,1157,84,0,1044,0,12,115,0,18,0,0,56,0,49,0,1764,47,0,74,0,0,12,0,0,0,183,199,156
231,Straubing,132243,46742,19938,17402,11603,2468,8964,17869,892,1214,160,250,1271,111,0,958,0,6,104,0,15,0,0,70,0,36,0,1397,41,0,97,0,0,25,0,0,0,275,212,123
232,Amberg,172358,60430,31547,17958,15067,4095,16191,16332,991,1938,166,755,1298,128,0,872,0,20,221,0,31,0,0,121,0,89,0,2917,101,0,98,0,0,26,0,0,0,253,438,275
233,Regensburg,198175,61187,34563,17343,18773,6798,32094,16618,1485,1884,101,528,1419,189,0,963,0,21,178,0,47,0,0,196,0,82,0,2526,85,0,54,0,0,51,0,0,0,335,243,412
234,Schwandorf,174145,59430,31209,23508,12650,3394,11179,25114,782,1494,161,368,1034,165,0,877,0,10,174,0,13,0,0,98,0,77,0,1538,91,0,101,0,0,83,0,0,0,161,253,181
235,Weiden,131356,46451,29461,14898,9601,2830,9170,12067,651,1249,128,345,612,94,0,719,0,6,151,0,13,0,0,87,0,65,0,1574,70,0,64,0,0,14,0,0,0,192,696,148
236,Bamberg,148068,49463,25698,14284,14336,4676,21898,9184,1111,1499,127,514,742,149,0,381,0,50,211,0,17,0,0,173,0,70,0,2093,105,0,108,0,0,23,0,0,0,319,262,575
237,Bayreuth,128530,43768,26584,11636,12020,3294,15647,8857,988,1306,101,368,516,120,0,269,0,13,166,0,18,0,0,131,0,71,0,1642,142,0,82,0,0,19,0,0,0,241,210,321
238,Coburg,123160,39343,31087,12836,10683,3118,11459,7524,1144,1509,139,343,673,80,0,188,0,43,167,0,7,0,0,122,0,52,0,1869,109,0,65,0,0,20,0,0,0,256,162,162
239,Hof,124559,41308,30426,14560,10552,3004,9628,7955,1268,1780,172,374,318,80,0,295,0,16,164,0,15,0,0,106,0,63,0,1339,255,0,109,0,0,30,0,0,0,399,228,115
240,Kulmbach,136507,49389,27009,15774,11399,2982,11966,10420,1199,1548,185,429,605,92,0,446,0,27,203,0,16,0,0,82,0,73,0,1718,126,0,124,0,0,32,0,0,0,214,242,207
241,Ansbach,191486,63299,37642,19142,16213,4904,22325,14738,1312,2218,359,1048,1518,197,0,523,0,24,261,0,42,0,0,145,0,101,0,4052,279,0,98,0,0,22,0,0,0,408,367,249
242,Erlangen,154708,44664,30146,10872,16062,5817,31222,7081,1210,1370,102,676,1077,175,0,202,0,31,153,0,14,0,0,220,0,70,0,2084,120,0,61,0,0,19,0,0,0,496,235,529
243,Fürth,196943,58976,42329,17692,18765,6946,29778,9669,1661,2463,180,826,1002,215,0,443,0,43,238,0,62,0,0,291,0,100,0,3369,208,0,129,0,0,27,0,0,0,711,356,464
244,Nürnberg-Nord,144486,34349,30232,8887,14692,8627,34055,3621,1462,1662,78,784,830,192,0,125,0,56,165,0,88,0,0,217,0,119,0,2310,118,0,39,0,0,31,0,0,0,887,204,656
245,Nürnberg-Süd,128713,38663,29195,12901,11495,4893,17687,4433,1018,1846,153,741,710,137,0,185,0,35,189,0,48,0,0,139,0,80,0,2279,127,0,77,0,0,29,0,0,0,1066,234,353
246,Roth,188730,60980,38786,16043,16974,4950,26197,12601,1322,2401,151,1056,866,176,0,376,0,19,264,0,21,0,0,131,0,90,0,3696,191,0,103,0,0,63,0,0,0,541,356,376
247,Aschaffenburg,145720,45739,30232,13716,16199,4068,20642,5718,1138,1917,110,551,805,151,0,413,0,61,210,0,35,0,0,139,0,120,0,2112,74,0,80,0,0,151,0,0,0,608,361,370
248,Bad Kissingen,173105,65063,30540,18434,15211,4820,15874,12639,1416,1862,204,558,777,162,0,476,0,20,263,0,25,0,0,113,0,109,0,3355,143,0,149,0,0,32,0,0,0,206,418,236
249,Main-Spessart,157067,54097,32771,13918,14151,3685,17806,10496,1157,2042,135,487,772,184,0,379,0,31,240,0,24,0,0,98,0,122,0,2895,129,0,116,0,0,96,0,0,0,528,386,322
250,Schweinfurt,156352,54441,30482,15687,15039,4928,17085,9119,1137,1817,155,574,657,183,0,523,0,52,191,0,19,0,0,123,0,106,0,2470,115,0,92,0,0,35,0,0,0,510,503,309
251,Würzburg,184702,55957,37079,12220,19230,7027,35634,6871,1431,2091,115,665,1098,216,0,279,0,27,233,0,39,0,0,307,0,133,0,2310,125,0,64,0,0,41,0,0,0,433,401,676
252,Augsburg-Stadt,152460,38653,29200,13888,16969,6952,28971,6446,1683,1624,90,578,936,479,0,472,0,98,178,0,30,0,0,173,0,91,0,3092,116,0,62,0,0,38,0,0,0,802,250,589
253,Augsburg-Land,203667,67883,33405,19481,22301,4176,26207,16595,1318,2250,143,600,1387,384,0,949,0,46,245,0,43,0,0,160,0,98,0,4239,181,0,81,0,0,41,0,0,0,540,482,432
254,Donau-Ries,156215,54929,25784,17135,15593,2855,14911,14973,891,1488,176,627,868,254,0,648,0,14,184,0,20,0,0,78,0,70,0,3432,121,0,94,0,0,106,0,0,0,262,496,206
255,Neu-Ulm,187714,59028,31900,22293,22019,4410,20764,13772,1274,2716,276,927,1212,193,0,715,0,22,256,0,31,0,0,170,0,89,0,3308,249,0,114,0,0,48,0,0,0,915,487,526
256,Oberallgäu,180741,55017,29910,14350,20953,5043,27393,14970,1371,1959,94,515,1253,306,0,519,0,15,184,0,30,0,0,136,0,104,0,5209,186,0,76,0,0,30,0,0,0,476,285,357
257,Ostallgäu,197643,62635,30914,19779,21561,5007,23712,17985,1416,2086,214,767,1948,307,0,1033,0,22,208,0,25,0,0,163,0,125,0,5832,347,0,100,0,0,31,0,0,0,685,407,334
258,Stuttgart I,156838,31536,31003,6591,26036,8127,44559,1088,1315,1271,32,594,344,0,158,0,0,88,69,0,46,0,0,207,0,0,0,1821,169,127,0,22,0,19,0,0,0,706,0,910
259,Stuttgart II,132696,28403,30198,9541,20273,6739,28221,1206,1216,1368,64,571,293,0,119,0,0,142,97,0,58,0,0,163,0,0,0,1589,153,193,0,35,0,19,0,0,0,1446,0,589
260,Böblingen,194114,50675,39955,16810,35082,5141,32594,3306,1447,1767,150,691,442,0,197,0,0,97,183,0,34,0,0,197,0,0,0,2593,471,246,0,67,0,48,0,0,0,1267,0,654
261,Esslingen,131121,33175,29852,9733,20901,4063,23902,1969,1113,1457,82,395,329,0,91,0,0,95,161,0,21,0,0,186,0,0,0,1928,185,120,0,25,0,29,0,0,0,943,0,366
262,Nürtingen,164570,42826,33995,14327,28807,4357,27702,2704,1442,1898,122,576,384,0,250,0,0,55,182,0,32,0,0,139,0,0,0,2773,467,209,0,63,0,45,0,0,0,890,0,325
263,Göppingen,134423,35079,31422,15412,21723,3338,16916,2525,1176,1660,150,504,293,0,122,0,0,59,161,0,16,0,0,85,0,0,0,2340,158,177,0,55,0,31,0,0,0,685,0,336
264,Waiblingen,174749,44987,37753,15474,30999,5001,27098,2452,1495,1958,121,902,473,0,187,0,0,77,178,0,39,0,0,166,0,0,0,3477,402,201,0,43,0,44,0,0,0,768,0,454
265,Ludwigsburg,170842,42297,37284,14313,27611,5275,31433,2765,1462,1743,120,615,554,0,149,0,0,82,136,0,30,0,0,183,0,0,0,2514,293,241,0,51,0,45,0,0,0,1120,0,526
266,Neckar-Zaber,185436,46315,41369,18702,30783,4851,29048,3248,1719,2054,220,619,592,0,250,0,0,30,223,0,21,0,0,174,0,0,0,3078,384,283,0,57,0,46,0,0,0,809,0,561
267,Heilbronn,181055,43325,40961,23828,29386,5137,23476,3278,2041,2076,314,606,527,0,140,0,0,106,250,0,28,0,0,272,0,0,0,2857,437,217,0,73,0,46,0,0,0,1145,0,529
268,Schwäbisch Hall – Hohenlohe,171230,41947,37272,21787,27850,4980,22734,2941,1672,1977,332,608,716,0,107,0,0,67,242,0,25,0,0,144,0,0,0,4005,650,201,0,61,0,40,0,0,0,419,0,453
269,Backnang – Schwäbisch Gmünd,135424,34991,29341,15979,21397,3927,18579,2026,1485,1646,188,576,338,0,91,0,0,70,178,0,15,0,0,124,0,0,0,3114,370,168,0,42,0,31,0,0,0,477,0,271
270,Aalen – Heidenheim,167245,45852,39468,17937,24562,4538,21226,3610,1469,1770,226,556,439,0,138,0,0,87,210,0,56,0,0,141,0,0,0,3375,274,170,0,43,0,37,0,0,0,644,0,417
271,Karlsruhe-Stadt,158468,27998,33828,10774,20615,8910,44011,1438,1851,1608,71,622,385,0,182,0,0,89,138,0,44,0,0,463,0,0,0,2863,322,101,0,34,0,23,0,0,0,785,0,1313
272,Karlsruhe-Land,166633,42831,38474,15869,24660,4483,26969,3001,1478,2287,143,525,330,0,128,0,0,26,197,0,20,0,0,245,0,0,0,2991,548,198,0,69,0,60,0,0,0,569,0,532
273,Rastatt,153800,41495,36442,16333,21250,4280,21926,3000,1099,2026,144,546,199,0,120,0,0,25,187,0,17,0,0,132,0,0,0,3272,101,170,0,56,0,35,0,0,0,453,0,492
274,Heidelberg,176804,36783,40275,10821,23240,8624,45314,2011,1470,1761,114,486,367,0,161,0,0,65,186,0,43,0,0,379,0,0,0,2466,184,97,0,44,0,33,0,0,0,624,0,1256
275,Mannheim,140967,25682,35651,12846,18515,7066,29814,1871,1471,2178,146,529,241,0,146,0,0,81,216,0,58,0,0,200,0,0,0,1845,146,136,0,50,0,23,0,0,0,1212,0,844
276,Odenwald – Tauber,160494,48866,35578,19208,20943,4084,17748,4701,1563,1911,246,510,590,0,99,0,0,23,260,0,13,0,0,127,0,0,0,2724,270,195,0,60,0,42,0,0,0,345,0,388
277,Rhein-Neckar,152682,38871,35847,15701,21941,4320,24072,2620,1362,2033,244,546,275,0,104,0,0,33,234,0,33,0,0,134,0,0,0,2436,363,142,0,31,0,45,0,0,0,614,0,681
278,Bruchsal – Schwetzingen,150776,38866,34434,17462,21978,4125,20858,3258,1527,2726,193,457,217,0,103,0,0,20,257,0,20,0,0,160,0,0,0,2416,198,202,0,51,0,24,0,0,0,680,0,544
279,Pforzheim,162617,39324,34262,22028,26504,4342,21213,2914,1532,3276,218,561,318,0,115,0,0,62,206,0,18,0,0,177,0,0,0,2428,819,866,0,55,0,52,0,0,0,710,0,617
280,Calw,151588,42841,28571,19473,26770,3656,17301,3076,1155,2232,197,477,451,0,109,0,0,29,189,0,28,0,0,116,0,0,0,2992,795,202,0,48,0,98,0,0,0,529,0,253
281,Freiburg,179873,31296,38183,8854,19145,12429,56861,1821,1719,2092,60,475,571,0,220,0,0,74,145,0,19,0,0,280,0,0,0,3779,281,96,0,35,0,27,0,0,0,610,0,801
282,Lörrach – Müllheim,172569,38501,41834,14195,24669,5532,32817,2784,1698,2479,150,734,357,0,164,0,0,73,228,0,32,0,0,146,0,0,0,4136,592,195,0,60,0,63,0,0,0,676,0,454
283,Emmendingen – Lahr,166572,41323,39727,14971,22136,5209,28724,3146,1514,3122,168,568,676,0,168,0,0,22,181,0,24,0,0,120,0,0,0,3147,332,169,0,64,0,31,0,0,0,477,0,553
284,Offenburg,155200,40210,33043,15320,22799,4423,23083,3729,1465,2290,146,580,288,0,139,0,0,19,221,0,19,0,0,139,0,0,0,5471,173,230,0,62,0,43,0,0,0,867,0,441
285,Rottweil – Tuttlingen,147813,40818,27523,19747,26768,3320,16036,2726,973,1965,221,549,827,0,106,0,0,12,216,0,24,0,0,243,0,0,0,4135,299,188,0,65,0,37,0,0,0,644,0,371
286,Schwarzwald-Baar,121522,32309,25814,13097,19696,3062,16181,2390,843,1602,196,442,276,0,100,0,0,58,189,0,40,0,0,107,0,0,0,3819,292,152,0,51,0,33,0,0,0,416,0,357
287,Konstanz,156400,36209,32657,13341,23509,5804,32913,2204,1643,1928,141,546,463,0,140,0,0,33,141,0,35,0,0,164,0,0,0,3022,221,167,0,45,0,103,0,0,0,401,0,570
288,Waldshut,135022,35595,30782,11265,18422,3895,23294,2534,894,1732,110,471,469,0,113,0,0,34,155,0,17,0,0,102,0,0,0,3634,216,160,0,53,0,28,0,0,0,391,0,656
289,Reutlingen,152575,39504,31535,15652,25288,5081,24197,2434,1239,1700,151,552,329,0,105,0,0,79,180,0,21,0,0,176,0,0,0,2442,445,205,0,71,0,49,0,0,0,689,0,451
290,Tübingen,159781,34775,32576,12548,22678,8231,37424,1978,1292,1777,132,532,503,0,223,0,0,50,155,0,42,0,0,208,0,0,0,2666,323,147,0,37,0,36,0,0,0,838,0,610
291,Ulm,176165,46805,36418,16046,25389,5377,31238,3808,1529,2491,173,914,515,0,143,0,0,87,252,0,36,0,0,310,0,0,0,2566,353,212,0,68,0,63,0,0,0,820,0,552
292,Biberach,132230,40472,23152,14308,19163,2967,18070,4155,1175,1921,158,559,1191,0,122,0,0,12,189,0,16,0,0,117,0,0,0,3207,241,200,0,43,0,27,0,0,0,433,0,332
293,Bodensee,136848,36571,26989,11916,21611,3905,23635,2526,1345,1433,94,490,555,0,133,0,0,27,125,0,32,0,0,117,0,0,0,3862,202,158,0,52,0,49,0,0,0,563,0,458
294,Ravensburg,145978,38927,27750,12650,21740,4735,25536,3751,1373,1604,93,536,1091,0,163,0,0,46,160,0,18,0,0,121,0,0,0,4156,238,183,0,48,0,44,0,0,0,570,0,445
295,Zollernalb – Sigmaringen,136540,39332,26716,16477,23200,3540,15503,2617,1335,1883,206,510,429,0,83,0,0,114,182,0,17,0,0,111,0,0,0,2980,258,167,0,47,0,30,0,0,0,545,0,258
296,Saarbrücken,140474,28797,53537,13006,16438,13484,0,2191,2764,3843,370,1009,698,0,0,0,0,141,0,0,0,0,0,0,0,0,0,1923,0,0,0,0,0,0,0,0,0,748,0,1525
297,Saarlouis,156279,38085,56920,15651,18872,10512,0,3315,2736,4535,350,860,593,0,0,0,0,76,0,0,0,0,0,0,0,0,0,2221,0,0,0,0,0,0,0,0,0,599,0,954
298,St. Wendel,137032,36248,51229,12904,14916,7887,0,2881,2276,3808,293,741,595,0,0,0,0,59,0,0,0,0,0,0,0,0,0,2094,0,0,0,0,0,0,0,0,0,408,0,693
299,Homburg,139883,32004,52091,16068,15719,9247,0,3359,2202,4045,362,809,645,0,0,0,0,81,0,0,0,0,0,0,0,0,0,1878,0,0,0,0,0,0,0,0,0,526,0,847
